CREATE DATABASE IF NOT EXISTS `SPOTIFY`;
USE `SPOTIFY`;

DROP TABLE IF EXISTS FEATURES, PLAYLIST, USER, 
HAS, SONG, RELEASES, STYLE, ARTIST, GENRE, ALBUM;
    
CREATE TABLE IF NOT EXISTS ARTIST(
	IdArtist INTEGER PRIMARY KEY AUTO_INCREMENT,
    ArtistName VARCHAR(100) NOT NULL,
    ArtisticalName VARCHAR(100),
    Country VARCHAR (32) NOT NULL);
    
 CREATE TABLE IF NOT EXISTS SONG(
	IdSong INTEGER PRIMARY KEY,
    IdArtist INT (11) NOT NULL,
    Composer VARCHAR(100) NOT NULL,
    Duration INT(6) NOT NULL,
    Title VARCHAR(100) NOT NULL,
	FOREIGN KEY (IdArtist) REFERENCES ARTIST(IdArtist));
    
CREATE TABLE IF NOT EXISTS STYLE(
	IdArtist INT(11) NOT NULL,
    Styles VARCHAR (64) NOT NULL,
    PRIMARY KEY (`IdArtist`, Styles),
    KEY Styles (Styles),
	CONSTRAINT `artist_styles_ibfk_1` FOREIGN KEY (`IdArtist`) REFERENCES `ARTIST` (`IdArtist`) ON UPDATE CASCADE);
    
CREATE TABLE IF NOT EXISTS ALBUM(
	IdAlbum INTEGER PRIMARY KEY NOT NULL,
    Title VARCHAR (100) NOT NULL,
    Year SMALLINT(6) NOT NULL);
    
CREATE TABLE IF NOT EXISTS USER(
	Username VARCHAR(100) PRIMARY KEY NOT NULL,
    Followers INT NOT NULL,
    Following INT NOT NULL);
    
CREATE TABLE IF NOT EXISTS PLAYLIST(
	IdPlaylist INTEGER PRIMARY KEY,
    Creator VARCHAR(100) NOT NULL,
    `Name` VARCHAR(100) NOT NULL,
    TotalDuration INT(10) NOT NULL,
    FOREIGN KEY (Creator) REFERENCES USER(Username));
    
CREATE TABLE IF NOT EXISTS FEATURES(
	IdPlaylist INT(100) NOT NULL,
    IdSong INT(100) NOT NULL,
    PRIMARY KEY (IdPlaylist, IdSong),
    FOREIGN KEY (IdPlaylist) REFERENCES PLAYLIST(IdPlaylist),
    FOREIGN KEY (IdSong) REFERENCES SONG(IdSong));
    
CREATE TABLE IF NOT EXISTS HAS(
	IdAlbum INT(100) NOT NULL,
    IdSong INT(100) NOT NULL,
    PRIMARY KEY(IdAlbum, IdSong),
    FOREIGN KEY (IdAlbum) REFERENCES ALBUM(IdAlbum),
    FOREIGN KEY (IdSong) REFERENCES SONG(IdSong));
    
CREATE TABLE IF NOT EXISTS RELEASES (
	IdArtist INT(100) NOT NULL,
    IdAlbum INT(100) NOT NULL,
    PRIMARY KEY(IdArtist, IdAlbum),
    FOREIGN KEY (IdArtist) REFERENCES ARTIST(IdArtist),
    FOREIGN KEY (IdAlbum) REFERENCES ALBUM(IdAlbum));
    
CREATE TABLE IF NOT EXISTS GENRE (
	IdAlbum INTEGER NOT NULL,
    GenreName VARCHAR(32),
    PRIMARY KEY (IdAlbum, GenreName),
    FOREIGN KEY (IdAlbum) REFERENCES ALBUM(IdAlbum));
    

INSERT INTO ARTIST (ArtistName, ArtisticalName, Country) VALUES 
('Aubrey Drake Graham', 'Drake', 'Canadá'),
('Christopher Edwin Breaux', 'Frank Ocean', 'Estados Unidos'),
('Ye', 'Kanye West', 'Estados Unidos'),
('Jacques Berman Webster II', 'Travis Scott', 'Estados Unidos'),
('Taylor Swift', 'Taylor Swift', 'Estados Unidos'),
('Shéyaa Bin Abraham-Joseph', '21 Savage', 'Estados Unidos'),
('Oakley Neil H T Caesar-Su', 'Central Cee', 'Inglaterra'),
('André Filipe de Oliveira', 'Piruka', 'Portugal'),
('Ricardo Dias de Lima Ventura da Costa', 'Richie Campbell', 'Portugal'),
('João Batista Coelho', 'Slow J', 'Portugal'),
('Kendrick Lamar', 'Kendrick Lamar', 'Estados Unidos'),
('Hykeem Jamaal Carter Jr.', 'Baby Keem', 'Estados Unidos'),
('Ricardo Ciszak', 'Ciszak', 'Brasil'), 
('AIMMIA', 'AIMMIA', 'House'),
('Eduardo Neto', 'Mandragora',  'Mexico'),
('Brett Henderson', 'COMPUTER DATA',  'Alemania'),
('Unknown', 'Jacob', 'United States'), 
('Unknown', 'Thorment',  'Brasil'), 
('Tiago Sena Valadares', '4i20', 'Brasil'), 
('Artyom Artyomovich Gotlib', 'Slava (NL)',  'Rússia'), 
('Unknown', 'La P´tite Fumée',  'França'), 
('Brett Henderson', 'COMPUTER DATA', 'Estados Unidos'),
('Aaron Dontez Yates', 'Tech N9ne', 'Estados Unidos'),
('Marshall Bruce Mathers III', 'Eminem', 'Estados Unidos'),
('Unknown', 'Landxn Fyre', 'Estados Unidos'), 
('Samuel William Christopher Watson', 'Krizz Kaliko', 'Estados Unidos'),
('Cole Stevenson', 'Merkules', 'Canada'),
('Darren Ugochukwu Ofodirinwa', 'Scru Face Jean', 'Nigéria'),
('Tauheed K. Epps', '2 Chainz', 'Estados Unidos'),
('King Iso', 'King Iso', 'Estados Unidos'),
('Unknown', 'Maez301', 'Estados Unidos'),
('Bobby Ray Simmons Jr', 'B.o.B', 'Estados Unidos'),
('Bernardo "Bernz" Garcia, Ben "Wrekonize" Miller', '¡MAYDAY!', 'Estados Unidos'),
('Kendall Morgan', 'Kendall Morgan', 'Estados Unidos'),
('Stanley Omah Didia', 'Omah Lay', 'Nigéria'),
('Panshak Henry Zamani', 'Ice Prince', 'Nigéria'),
('Ikuforiji Olaitan Abdulrahman', 'Oxlade', 'Nigéria'),
('Ayodeji Ibrahim Balogun', 'Wizkid', 'Nigéria'),
('Temilade Openiyi', 'Tems', 'Nigéria'),
('David Orobosa Omoregie', 'Dave', 'England'),
('Damini Ebunoluwa Ogulu', 'Burna Boy', 'Nigéria'),
('Júlio Lopes', 'Julinho KSD', 'Portugal'),
('Yuran', 'Yuran', 'Moçambique'),
('Miguel Tristany', 'Trista', 'Portugal'),
('Claudino de Jesus Borges Pereira', 'Dino d`Santiago', 'Portugal'),
('Aya Coco Danioko', 'Aya Nakamura', 'Mali'),
('Samuel Mira', 'Sam The Kid', 'Portugal'),
('Tiago Carreira de Oliveira Cabral Lopes', 'Regula', 'Portugal'),
('André Chapelas', 'Dillaz', 'Portugal'),
('Rui Pereira', 'Papillon', 'Portugal'),
('Mário Cotrim', 'ProfJam', 'Portugal'),
('Ricardo Dias de Lima Ventura da Costa', 'Richie Campbell', 'Portugal'),
('Gerson de Jesus', 'Gson', 'Portugal'),
('João Batista Coelho', 'Slow J', 'Portugal'),
('Mizzy Miles', 'Unknown', 'Portugal/Brasil'),
('Telio Vitor Paz Monteiro', 'Deejay Telio', 'Angola'),
('Clériton Sávio Santos Silva', 'Teto', 'Brasil'),
('Jay', 'Colombianacallmegringo', 'Portugal'),
('Unknown','Lhast', 'Portugal');
    
INSERT INTO	SONG (IdSong, IdArtist, Composer, Duration, Title) VALUES
(100, 1,'Drake, 21 Savage', 218, 'Jimmy Cooks (feat. 21 Savage)'),
(101, 2,'Frank Ocean', 210, 'Chanel'),
(102, 3,'Kanye West', 156, 'Moon'),
(103, 1,'Drake, Giveon', 220, 'Chicago Freestyle'),
(104, 1, 'Drake, Travis Scott', 291, 'Fair Trade (with Travis Scott)'),
(105, 3,'Kanye West', 243, 'I Wonder'),
(106, 23, 'Tech N9ne, Krizz Kaliko, Jelly Roll', 355, 'EF U (Easier for You)'),
(107, 23, 'Tech N9ne', 252, 'I Caught Crazy (4Ever)'),
(108, 23, 'Tech N9ne', 343, 'Like I Ain´t '),
(109, 23, 'Tech N9ne', 336, 'Chucky Fever'),
(110, 23, 'Tech N9ne', 259, 'EDI´s'),
(111, 23,'Tech N9ne', 455, 'Speedom(Wwc2)'),
(112, 23, 'Tech N9ne, Krizz Kaliko', 459, 'The Needle'),
(113, 23, 'Tech N9ne, Landxn Fyre', 320, 'Leave It On The Flo! Pt.1'),
(114, 23, 'Tech N9ne, Merkules, Scru Face Jean', 346, 'Phonk (Leave It On The Flo! Pt.2)'),
(115, 23, 'Tech N9ne, King Iso, Maez301', 315, 'Green Lit'),
(116, 23, 'Tech N9ne, 2 Chainz, B.o.B', 345, 'Hood Go Crazy'),
(117, 23, 'Tech N9ne', 420, 'So Dope (They Wanna)'),
(118, 23, 'Tech N9ne', 256, 'Tech´s Mex'),
(119, 23, 'Tech N9ne, King Iso', 306, 'Bad Juju'),
(120, 23, 'Tech N9ne, Kendrick Lamar, ¡MAYDAY!, Kendall Morgan', 356, 'Fragile'),
(121, 13, 'Ciszak, AIMMIA', 253, 'No Self Control'),
(122, 13, 'Ciszak', 337, 'Dive Deeply'),
(123, 15, 'Mandragora', 339, 'Happenning Right Now'),
(124, 16, 'COMPUTER DATA', 615, 'Healing'),
(125, 15, 'Mandragora', 405, 'Issues'),
(126, 15, 'Mandragora', 346, 'Never Been Better'),
(127, 16, 'COMPUTER DATA', 826, 'Seele'),
(128, 15, 'Mandragora', 529, 'Codeine'),
(129, 15, 'Mandragora, La P´tite Fumée', 411, 'You See Me'),
(130, 15, 'Mandragora', 356, 'It Might Have Been'),
(131, 15, 'Mandragora', 510, 'Believe'),
(132, 15, 'Mandragora', 452, 'Flow'),
(133, 15, 'Mandragora, Jacob', 417, 'Seu Loque da Montanha'),
(134, 17, 'Jacob, Thorment', 419, 'You Shine'),
(135, 15, 'Mandragora', 522, 'Galactic Symphony'),
(136, 15, 'Mandragora', 746, 'La Isla'),
(137, 15, 'Mandragora, 4i20, Slava (NL)', 605, 'Faze'),
(138, 15, 'Mandragora, 4i20', 437, 'Monster Juice'),
(139, 15, 'Mandragora, 4i20', 428, 'Ammo'),
(140, 15, 'Mandragora', 355, 'AK-47'),
(141, 15, 'Mandragora', 237, 'Reason in Madness'),
(142, 16, 'COMPUTER DATA', 719, 'Alles'),
(143, 16, 'COMPUTER DATA', 653, 'Schlafen'),
(144, 16, 'COMPUTER DATA', 903, 'Fog'),
(145, 35, 'Omah Lay', 175, 'understand'),
(146, 36, 'Ice Prince, Oxlade', 168, 'KOLO(feat. Oxlade)'),
(147, 35, 'Omah Lay', 175, 'Godly'),
(148, 35, 'Omah Lay', 139, 'Bad Influence'),
(149, 38, 'Wizkid, Tems', 248, 'Essence(feat. Tems)'),
(150, 40, 'Dave, Burna Boy', 241, 'Location(feat. Burna Boy)'),
(151, 41, 'Burna Boy', 188, 'Gbona'),
(152, 41, 'Burna Boy', 232, 'Ye'),
(153, 41, 'Burna Boy', 246, '23'),
(154, 42, 'Julinho KSD', 189, 'Stunka'),
(155, 42, 'Julinho KSD', 237, 'Hoji N`ka ta Rola'),
(156, 42, 'Julinho KSD, Yuran, Trista', 215, 'Vivi Good'),
(157, 42, 'Julinho KSD', 205, 'Sentimento Safari'),
(158, 45, 'Dino d`Santiago, Julinho KSD', 174, 'Kriolu (feat.Julinho KSD)'),
(159, 37, 'Oxlade', 164, 'AWAY'),
(160, 46, 'Aya Nakamura', 170, 'Djadja'),
(161, 47, 'Sam The Kid', 474, '16-12-95'),
(162, 47, 'Sam The Kid', 314, 'Sendo Assim'),
(163, 48, 'Regula, Dillaz', 207, 'Wake n Bake'),
(164, 49, 'Dillaz', 235, '1100 Cegonhas'),
(165, 59, 'Lhast, Dillaz', 238, 'O Clima'),
(166, 42, 'Sam The Kid', 474, 'Retrospetiva De Um Amor Profundo'),
(167, 47, 'Papillon', 193, 'Impec'),
(168, 51, 'ProfJam', 203, 'Malibu'),
(169, 52, 'Richie Campbell', 267, 'Man Don`t Cry'),
(170, 53, 'Gson, Slow J, Sam The Kid', 325, '3,14'),
(171, 55, 'Mizzy Miles, Deejay Telio, Teto, Gson', 217, 'EUROPA(feat. Gson)'),
(172, 58, 'Colombianacallmegringo', 153, 'North Face 3');

INSERT INTO `STYLE` (IdArtist, Styles) VALUES
(01, 'Hip Hop'),
(01, 'Rap'),
(01, 'R&B'),
(02, 'R&B Alternativo'),
(02, 'Soul'),
(03, 'Hip Hop'),
(03, 'Art Pop'),
(03,  'Pop'),
(04, 'Hip Hop'),
(04, 'Trap'),
(05, 'Pop'),
(05, 'Country'),
(05, 'Rock'),
(05, 'Folk'),
(06, 'Hip Hop'),
(06, 'Trap'),
(07, 'UK Drill'),
(07, 'British Hip Hop'), 
(07, 'Trap'),
(08, 'Rap'),
(09, 'Reggae'),
(09, 'Dancehall'),
(09, 'R&B'),
(10, 'Hip Hop'),
(10, 'Rap'),
(11, 'Hip Hop'),
(11, 'Jazz Rap'),
(12, 'Hip Hop'),
(12, 'Trap'),
(13,'Techno House'),
(14,'Techno'),
(14, 'Techno House'),
(15,'Future Progressive'),
(15, 'Psy-Trance'),
(16,'EDM'),
(17,'Techno'),
(17, 'Progressive'),
(18,'EDM'),
(19,'Psy-Trance'),
(19, 'Hard Techno'),
(20,'Psy-Trance'),
(21,'Eletro Trance'),
(21,' Psy-Trance'),
(22,'EDM'),
(23,'Rap'),
(23, 'Hip-Hop'),
(23, 'Rap-Rock'),
(23, 'Hardcore Rap'), 
(23, 'Horrorcore'),
(23, 'Chopper'),
(24,'Rap'),
(24, 'Hip-Hop'),
(24, 'Jazz-Rap'),
(25,'Rap'),
(26,'Rap'),
(26, 'Hip-Hop'),
(26, 'Rap-Rock'),
(27,'Rap'), 
(27, 'Chopper'),
(28,'Rap'),
(28, 'Hip-Hop'),
(29,'Rap'),
(29, 'Hip-Hop'),
(30,'Rap'),
(30, 'Hip-Hop'),
(31,'Rap'),
(32,'Rap'),
(32, 'Hip-Hop'),
(33,'Rap'),
(33, 'Hip-Hop'),
(34,'Rap'),
(35, 'Nigerian R&B'),
(35, 'Afrobeats'),
(35, 'Afropop'),
(36, 'Nigerian R&B'),
(36, 'Afrobeats'),
(36, 'Afropop'),
(37, 'Nigerian R&B'),
(37, 'Afrobeats'),
(37, 'Afropop'),
(37, 'Russian Indie'),
(38, 'R&B/Soul'),
(38, 'Pop'), 
(38, 'Afropop'),
(38, 'Afrobeats'),
(39, 'R&B'),
(39, 'Afrobeats'),
(39, 'Alté'),
(39, 'Alternative R&B'),
(40, 'British Hip-hop'),
(40, 'Poetry'),
(40, 'Conscious hip hop'),
(40, 'UK drill'),
(41, 'Afrobeats'),
(41, 'Afropop'),
(41, 'Nigerian Street Music'),
(42,'Rap'),
(42, 'Hip-Hop'),
(43,'Rap'),
(43, 'Hip-Hop'),
(44,'Rap'),
(44, 'Hip-Hop'),
(45,'Rap'),
(45, 'Hip-Hop'),
(46, 'French Urban Pop/R&B'),
(47,'Rap'),
(47, 'Hip-Hop'),
(48, 'Hip-hop'),
(48, 'Comedy hip-hop'), 
(48, 'Dirty rap'),
(49,'Rap'),
(49, 'Hip-Hop'),
(50, 'Rap'),
(51,'Rap'),
(51, 'Hip-Hop'),
(52, 'Dancehall'),
(52, 'R&B'),
(53,'Rap'),
(53, 'Hip-Hop'),
(54,'Rap'),
(54, 'Hip-Hop'),
(55, 'Hip-hop'),
(56, 'Afro house'),
(56, 'Kuduro'),
(56, 'Kizomba'),
(57, 'Trap'),
(58,'Rap'),
(58, 'Hip-Hop');

INSERT INTO `ALBUM` (IdAlbum, Title, Year) VALUES
(001,'Honestly, Nevermind', 2022),
(002,'Donda', 2021),
(003,'Dark Lane Demo Tapes', 2020),
(004,'Graduation', 2007),
(005,'Blonde', 2016),
(006,'Views', 2016),
(007,'Certified Lover Boy', 2021),
(008,'The Melodic Blue', 2021),
(009, 'No Self Control', 2022),
(010, 'Disc 3', 2018),
(011, 'Emotional Shift', 2018),
(012, 'Summer Futureprog Mixtape 2017', 2017),
(013, 'Never Been Better', 2021),
(014, 'Seele', 2020),
(015, 'Disc 1', 2018),
(016, 'You See Me', 2018),
(017, 'Disc 2', 2018),
(018, 'Seu Loque da Montanha', 2018),
(019, 'You Shine', 2021),
(020, 'Galactic Symphony', 2018),
(021, 'La Isla', 2019),
(022, 'Mechanics of Travel', 2018),
(023, 'AK-47', 2017),
(024, 'Reason in Madness', 2019),
(025, 'Alles', 2019),
(026, 'Schlafen', 2019),
(027, 'N9NA', 2019),
(028, 'Special Effects', 2015),
(029, 'The Strom (Deluxe Edition)', 2016),
(030, 'ENTERFEAR', 2020),
(031, 'Something Else', 2013),
(032, 'FEAR EXODUS', 2020),
(033, 'Planet (Deluxe Edition)', 2018),
(034, 'Boy Alone', 2022),
(035, 'KOLO(feat. Oxlade)', 2021),
(036, 'What Have We Done', 2020),
(037, 'Bad Influence', 2020),
(038, 'Made In Lagos', 2020),
(039, 'PSYCHODRAMA', 2019),
(040, 'African Giant', 2019),
(041, 'Outside', 2018),
(042, 'Twice As Tall', 2020),
(043, 'Sabi na Sabura', 2021),
(044, 'Hoji N`ka ta Rola', 2019),
(045, 'Vivi Good', 2019),
(046, 'Sentimento Safari', 2019),
(047, 'KRIOLA', 2020),
(048, 'AWAY', 2020),
(049, 'NAKAMURA', 2018),
(050, 'Pratica(Mente)', 2006),
(051, 'Mechelas', 2018),
(052, 'Wake n Bake', 2017),
(053, '1100 cegonhas', 2018),
(054, 'O Clima', 2017),
(055, 'Deepak Looper', 2018),
(056, '#FFFFFF', 2019),
(057, 'In the 876', 2015),
(058, '3,14', 2021),
(059, 'EUROPA(feat. Gson)', 2022),
(060, 'North Face 3', 2021);


INSERT INTO `USER` (Username, Followers, Following) VALUES 
('Rui Coelho', 10, 90),
('Kingarooo', 1, 19),
('Mafalda', 5, 6);

INSERT INTO PLAYLIST (IdPlaylist, Creator, `Name`, TotalDuration) VALUES
(1001,'Rui Coelho', 'notha 001', '5880'),
(1002, 'Kingarooo', 'No Self Control', '9600'),
(1003, 'Kingarooo', 'N9ne', '3323'),
(1004, 'Mafalda', 'Sonoros', 3168),
(1005, 'Mafalda', 'Tuga', 3300);

INSERT INTO FEATURES (IdPlaylist, IdSong) VALUES
(1001, 100),
(1001, 101),
(1001, 102),
(1001, 103),
(1001, 104),
(1001, 105),
(1002, 122),
(1002, 123),
(1002, 124),
(1002, 125),
(1002, 126),
(1002, 127),
(1002, 128),
(1002, 129),
(1002, 130),
(1002, 131),
(1002, 132),
(1002, 133),
(1002, 134),
(1002, 135),
(1002, 136),
(1002, 137),
(1002, 138),
(1002, 139),
(1002, 140),
(1002, 141),
(1002, 142),
(1002, 143),
(1002, 144),
(1003, 106),
(1003, 107), 
(1003, 108), 
(1003, 109), 
(1003, 110), 
(1003, 111), 
(1003, 112), 
(1003, 113), 
(1003, 114), 
(1003, 115), 
(1003, 116), 
(1003, 117), 
(1003, 118), 
(1003, 119), 
(1003, 120),
(1004, 107),
(1004, 108),
(1004, 109),
(1004, 110),
(1004, 111),
(1004, 112),
(1004, 113),
(1004, 114),
(1004, 115),
(1004, 116),
(1004, 117),
(1004, 118),
(1004, 119),
(1004, 120),
(1004, 121),
(1004, 122),
(1005, 123),
(1005, 124),
(1005, 125),
(1005, 126),
(1005, 127),
(1005, 128),
(1005, 129),
(1005, 130),
(1005, 131),
(1005, 132),
(1005, 133),
(1005, 134);

INSERT INTO HAS (IdAlbum, IdSong) VALUES
(001, 100),
(002, 102),
(003, 103),
(004, 105),
(007, 104),
(009,121),
(009,122),
(010,123),
(011,124),
(012,125),
(013,126),
(014,127),
(015,128),
(016,129),
(017,130),
(012,131),
(012,132),
(018,133),
(019,134),
(020,135),
(021,136),
(022,137),
(022,138),
(022,139),
(023,140),
(024,141),
(025,142),
(026,143),
(011,144),
(027,106),
(027,107),
(027,108),
(027,109),
(027,110),
(028,111),
(029,112),
(030,113),
(030,114),
(027,115),
(028,116),
(031,117),
(032,118),
(033,119),
(031,120),
(034, 145),
(035, 146),
(036, 147),
(037, 148),
(038, 149),
(039, 150),
(040, 151),
(041, 152),
(042, 153),
(043, 154),
(044, 155),
(045, 156),
(046, 157),
(047, 158),
(048, 159),
(049, 160),
(050, 161),
(050, 166),
(051, 162),
(052, 163),
(053, 164),
(054, 165),
(055, 167),
(056, 168),
(057, 169),
(058, 170),
(059, 171),
(060, 172);

INSERT INTO RELEASES (IdArtist, IdAlbum) VALUES 
(01, 001),
(01, 003),
(01, 006),
(01, 007),
(03, 002),
(12, 008),
(02, 005),
(03, 004),
(13, 009),
(16, 011),
(16, 025),
(16, 026),
(16, 014),
(15, 010),
(15, 012),
(15, 013),
(15, 016),
(15, 015),
(15, 017),
(15, 018),
(15, 020),
(15, 021),
(15, 022),
(15, 023),
(15, 024),
(17, 019),
(23, 027),
(23, 028),
(23, 029),
(23, 030),
(23, 031),
(23, 032),
(23, 033),
(35, 034),
(36, 035),
(35, 036),
(35, 037),
(38, 038),
(40, 039),
(41, 040),
(41, 041),
(41, 042),
(42, 043),
(42, 044),
(42, 045),
(42, 046),
(45, 047),
(37, 048),
(46, 049),
(47, 050),
(47, 051),
(48, 052),
(49, 053),
(59, 054),
(50, 055),
(51, 056),
(52, 057),
(53, 058),
(55, 059),
(58, 060);

INSERT INTO `GENRE` (IdAlbum, GenreName) VALUES
(001, 'Dance, House, BaltimoreClub'),                                                                                                                                       
(002, 'Hip Hop'),
(003, 'Hip Hop, R&B'),
(004, 'Hip Hop'),
(005, 'R&B, Soul'),
(006, 'Hip Hop'),
(007, 'R&B, Soul, Hip Hop'),
(008, 'Rap, Hip Hop'),
(009, 'Techno'),
(009, 'Techno House'),
(010, 'Future Progressive'),
(010, 'Psy-Trance'),
(011, 'House Techno'),
(012, 'Psy-Trance'),
(012, 'Future Progressive'),
(013, 'Psy-Trance'),
(013, 'Future Progressive'),
(014, 'Techno House'),
(015, 'Psy-Trance'),
(015, 'Future Progressive'),
(016, 'Progressive Psy-Trance'),
(017, 'Psy-Trance'),
(017, 'Future Progressive'),
(018, 'Psy-Trance'),
(018, 'Future Progressive'),
(019, 'Future Progressive'),
(020, 'Future Psy-Trance'),
(021, 'Future Psy-Trance'),
(022, 'Psy-Trance'),
(022, 'Future Progressive'),
(022, 'Future Psy-Trance'),
(023, 'Psy-Trance'),
(023, 'Future Progressive'),
(023, 'Future Psy-Trance'),
(024, 'Techno'),
(024, 'Future Progressive'),
(025, 'EDM'),
(025, 'Techno House'),
(026, 'EDM'),
(026, 'Techno House'),
(027, 'Rap'),
(027, 'Hip-Hop'),
(027, 'Rap-Rock'),
(027, 'Hardcore Rap'),
(027, 'Horrorcore'),
(027, 'Chopper'),
(028, 'Rap-Rock'),
(028, 'Rap'),
(028, 'Hip-Hop'),
(029, 'Rap Rock'),
(030, 'Horrorcore'),
(030, 'Rap'),
(030, 'Hardcore Rap'),
(031, 'Jazz-Rap'),
(031, 'Rap'),
(031, 'Hip-Hop'),
(032, 'Hardcore Rap'),
(032, 'Rap'),
(032, 'Chopper'),
(033, 'Horrorcore'),
(033, 'Rap'),
(034, 'Nigerian R&B'),
(034, 'Afrobeats'),
(034, 'Afropop'),
(035, 'Nigerian R&B'),
(035, 'Afropop'),
(036, 'Afrobeats'),
(037, 'R&B/Soul'),
(037, 'Pop'),
(037, 'Afropop'),
(037, 'Afrobeats'),
(038, 'R&B/Soul'),
(038, 'Afrobeats'),
(038, 'Afropop'),
(038, 'Afroswing'),
(038, 'Nigerian R&B'),
(039, 'Hip-Hop'),
(039, 'Rap'),
(039, 'UK Rap'),
(040, 'Afrobeats'),
(041, 'Afrobeats'),
(041, 'Afropop'),
(041, 'Afroswing'),
(041, 'Nigerian Hip-Hop'),
(041, 'Nigerian Street Music'),
(042, 'Afrobeats'),
(042, 'Afropop'),
(042, 'Afroswing'),
(042, 'Nigerian Hip-Hop'),
(042, 'Nigerian Street Music'),
(043, 'Pop indiano'),
(043, 'Nigerian R&B'),
(043, 'Afropop'),
(043, 'Pop'),
(043, 'Hip-Hop'),
(043, 'Rap'),
(043, 'French Urban Pop/R&B'),
(044, 'Pop indiano'),
(044, 'Nigerian R&B'),
(044, 'Afropop'),
(044, 'Pop'),
(044, 'Hip-Hop'),
(044, 'Rap'),
(044, 'French Urban Pop/R&B'),
(045, 'Pop indiano'),
(045, 'Nigerian R&B'),
(045, 'Afropop'),
(045, 'Pop'),
(045, 'Hip-Hop'),
(045, 'Rap'),
(045, 'French Urban Pop/R&B'),
(046, 'Pop indiano'),
(046, 'Nigerian R&B'),
(046, 'Afropop'),
(046, 'Pop'),
(046, 'Hip-Hop'),
(046, 'Rap'),
(046, 'French Urban Pop/R&B'),
(047, 'MPB'),
(047, 'Afropop'),
(047, 'Pop indiano'),
(047, 'Nigerian R&B'),
(047, 'Pop'),
(048, 'Pop'),
(048, 'Afrobeats'),
(049, 'French Urban Pop/R&B'),
(049, 'Soul'),
(049, 'French Rap'),
(049, 'R&B/Soul'),
(049, 'Afrobeats'),
(049, 'Hip-Hop'),
(049, 'Rap'),
(049, 'Dancehall'),
(049, 'Afroswing'),
(049, 'Russian Dance'),
(050, 'Hip-Hop'),
(050, 'Rap'),
(050, 'Hip-Hop tuga'),
(050, 'Música regional brasileira'),
(051, 'Pop indiano'),
(051, 'Hip-Hop'),
(051, 'Rap'),
(051, 'Spoken Word'),
(052, 'Pop indiano'),
(052, 'Hip-Hop'),
(052, 'Rap'),
(052, 'Alternativa/Independente'),
(053, 'Hip-Hop'),
(053, 'Rap'),
(054, 'Hip-Hop'),
(054, 'Rap'),
(055, 'Pop indiano'),
(055, 'Arabic Hip Hop'),
(055, 'Hip-Hop'),
(055, 'Rap'),
(055, 'Maghreb Rap'),
(056, 'Pop indiano'),
(056, 'Hip-Hop'),
(056, 'Rap'),
(057, 'Pop indiano'),
(057, 'Pop'),
(057, 'Reggae'),
(057, 'Hanukkah music'),
(058, 'Hip-Hop'),
(058, 'Rap'),
(059, 'Hip-Hop'),
(059, 'Rap'),
(060, 'Hip-Hop'),
(061, 'Rap');                                                                                                                                                                                                          